<?xml version='1.0' encoding='UTF-8' ?>
<timeLogEntries>
  <time id="1" path="/Non Project/PSP for Engineers/Program 1/Planning" start="@1455983733404" delta="33" />
  <time id="2" path="/Non Project/PSP for Engineers/Program 1/Code" start="@1455985727603" delta="107" interrupt="20" />
  <time id="3" path="/Non Project/PSP for Engineers/Program 1/Test" start="@1455993381550" delta="4" />
  <time id="4" path="/Non Project/PSP for Engineers/Program 1/Design" start="@1455993610572" delta="27" />
  <time id="5" path="/Non Project/PSP for Engineers/Program 1/Code" start="@1455995234481" delta="23" />
  <time id="6" path="/Non Project/PSP for Engineers/Program 1/Compile" start="@1455996640872" delta="2" />
  <time id="7" path="/Non Project/PSP for Engineers/Program 1/Test" start="@1455998047403" delta="5" />
  <time id="8" path="/Non Project/PSP for Engineers/Program 1/Design" start="@1455999402361" delta="21" />
  <time id="9" path="/Non Project/PSP for Engineers/Program 1/Code" start="@1456000670901" delta="54" />
  <time id="10" path="/Non Project/PSP for Engineers/Program 1/Test" start="@1456004433628" delta="5" />
  <time id="11" path="/Non Project/PSP for Engineers/Program 1/Code" start="@1456016619888" delta="28" />
  <time id="12" path="/Non Project/PSP for Engineers/Program 1/Code" start="@1456020096839" delta="6" />
  <time id="13" path="/Non Project/PSP for Engineers/Program 1/Test" start="@1456020466707" delta="11" />
  <time id="14" path="/Non Project/PSP for Engineers/Program 1/Test" start="@1456021131658" delta="9" />
  <time id="15" path="/Non Project/PSP for Engineers/Program 1/Test" start="@1456195331175" delta="13" />
  <time id="16" path="/Non Project/PSP for Engineers/Program 1/Code" start="@1456196132892" delta="3" />
</timeLogEntries>
